x,y,data
0.9862768288615988,0.3862003685659545,0.9674248830644108
0.8733919458206546,0.26524835661042356,0.5929130648726817
0.5097455249715815,0.679328116447335,0.49256088697191186
0.27183571428207576,0.8615109714652016,1.2533832929458808
0.33691872774596354,0.31342842531715276,-0.06050262396757511
0.21695426501692427,0.05169012143327434,2.2017761131141413
0.27647714315379956,0.6241370440097667,-0.7403901201158831
0.34331559277945756,0.7420391717303454,-1.9835845795982694
0.8621589354598529,0.06378665012690499,1.4655752235135706
0.1566996700094886,0.7574413915149257,-0.8609908799813135
0.14088724485241533,0.48095337292290286,0.3779085368562596
0.7570802806406883,0.13803925371899317,-0.8123446481107204
0.7363249181536082,0.5174969117809597,-0.7755567371365439
0.3556630916357817,0.9726717526666009,-0.02212250051325282
0.341093016511376,0.4125411012691158,0.7412966611367395
0.6668030505533264,0.35374061230005727,1.5375954531698135
0.21710063875409402,0.2544486428383391,-0.13069439017130746
0.5614269824329373,0.61320571120166,0.6968689824314223
0.12417877772572972,0.671211974403062,-0.12108502527755048
0.31973648445352787,0.07345621130367308,-1.0159185742804668
0.9532138731707349,0.2293966031182021,-0.0838991140020458
0.1373567907977804,0.9184055069643235,-0.14979678153223552
0.5694130968803307,0.7919701918192402,-0.6393966702087786
0.975665482923206,0.8398738702035259,-0.5812711207292263
0.5033670609602782,0.48179064450845355,-0.19605560117342472
0.667664206148106,0.4304435823822417,-1.8009651811068839
0.034191498014390254,0.4289206371940202,0.02538801777874919
0.4561193663104297,0.04243802066763214,1.4200147887073982
0.15585136278205936,0.3333700286643293,-0.9970837302877454
0.47604896649886996,0.27930709999819225,0.24402198927282612
0.1697024384024194,0.25739922070848964,0.7224512593995135
0.896258337240171,0.7747365814878995,1.855257281630411
0.37339375767160377,0.9173820241625664,-0.6262889925279504
0.3796929304747517,0.15649721779079995,2.360857507793347
0.8583165879179017,0.15464588372323407,-0.5968770063738081
0.6460610548847572,0.8086534448891777,0.6959109219990627
0.5834616977324469,0.23920771483465697,-0.3552328513287032
0.6683500268388352,0.12069209862020835,0.17633983073929557
0.17779262018968056,0.7273139208237105,0.3227591743128241
0.8492480168178629,0.9275320580175593,0.22123834136566878
0.4423725818484675,0.4067412336613915,1.6818432304363486
0.8314677097714283,0.12376955764627018,0.3226647051456911
0.7639207162891455,0.06302314314290369,-0.08466051419346221
0.9196909765699617,0.09125997765234783,-0.5110833871330163
0.0705734271105728,0.1426988370618233,-0.033535499743984065
0.15616541643945592,0.9411796746843671,-0.003125478363147626
0.63689423196581,0.44385692784649655,-0.20533674685309733
0.5556956874312483,0.2418683036149203,0.08648614091601559
0.19192871335211525,0.9574420694541083,-0.8856792957337201
0.42565598265327986,0.5769822327769851,0.6045329768861157
0.5134202078398403,0.32635347359018174,-0.9858130724116252
0.26937758573023707,0.5352480440165618,-0.15149285102518606
0.5990200186903153,0.7761072444241661,0.2951634636616135
0.2201739451317244,0.7957184001535987,0.4946746908779776
0.30086249443309576,0.024773966112007217,0.33205602676590357
0.04839448406241442,0.944584907636951,-0.2847577317489405
0.5643200587745707,0.24779507153707214,0.5785436353091438
0.9360322048719596,0.43537620718586323,1.5369182627975408
0.8030276421809801,0.5944775302872588,0.31639929955679347
0.6973051493459308,0.9377921689239955,0.8834761191792169
0.4613842758852935,0.9240902201485504,-1.8171992859366153
0.6624346110237985,0.8744920659885256,1.481456987883705
0.749665638107741,0.3054857072020527,-0.20014806153170728
0.531454892335754,0.9330674483974961,-0.5536904817392734
0.48281012636137444,0.4652019776355497,-0.4731454667978147
0.029274232997923866,0.4247674180635673,-0.624183281404338
0.8942831037893809,0.49653862381128344,-0.046937204012960615
0.831532083641436,0.5444740643712392,-1.866033501855889
0.7378434611229551,0.8119720644964012,0.740392972962067
0.8984972983932153,0.623260676073278,0.41675591311612675
0.23073414138282689,0.5001373480335884,-1.6328382142931763
0.17996050975704747,0.9613584071015233,0.5037425101127283
0.6141581218456464,0.7146341197030326,-0.5696519398305173
0.016669482030499783,0.6615437407135518,0.0023388877646239436
0.2993222459226972,0.8348491966635178,1.5260709250809592
0.6685408777370756,0.8185060976455734,0.5472028915745158
0.952552435609467,0.9353008624525249,-0.9316863572953705
0.8162070121708518,0.9369753542153608,2.2570785151578945
0.07786223582619556,0.9062481270964818,-0.9021343815551743
0.13461292878049058,0.3932631485864069,-0.14540062565249623
0.5765481169395755,0.7786363959353734,1.3304886387954094
0.1772786242454092,0.47439776780214593,0.030686496331401664
0.994458699682387,0.11274693003710412,-1.5398545393903051
0.11737486757703175,0.8654128840534306,-0.8188237432790798
0.8408448327933937,0.1565476569675166,-1.0366952940378231
0.01402672984617559,0.2815002783955016,0.7624032480240728
0.8716874841492676,0.22760761889386394,1.6467048682039138
0.9024067451099409,0.07354138206139726,-1.0954295483278682
0.4492044690082869,0.08393224097163243,-0.10595658960695209
0.6181819756751991,0.03590210392244719,0.08683536702090652
0.9789781327688083,0.18422505971941217,1.548580473042906
0.3972784841834377,0.873803334248182,0.44608455700127986
0.447230833695931,0.29144278346210717,-0.4854210264200575
0.23325997977772805,0.049262226731041636,0.7953172753043721
0.9317293800789463,0.5952357853412757,1.1392160462565983
0.2728024687174939,0.7821363261434561,0.441493536119935
0.9323277930684317,0.8748097942247703,-0.8142787610302538
0.41323049678964596,0.3165251322439593,0.6847826146659604
0.16067842433947632,0.8665876953814698,0.3996256639996513
0.46880252810967216,0.5518792905455338,0.44789929643868814
0.26928865735338137,0.9597205945017984,0.864032691917763
0.944268572062598,0.7146293467434713,0.7823913225831844
0.29544093485874956,0.519976243106303,0.5444854418798506
0.1515598520682797,0.2459038876660249,1.6026072053432372
0.2725432956923366,0.0031888055105392388,0.35395994555104143
0.8649810890377697,0.054395170494948575,-0.3291467124406753
0.9168614055263056,0.4461357577900429,-1.857707390698431
0.7497805941928821,0.9234883535219768,1.0457491008808129
0.9002220603812134,0.03804213159267544,0.7019230020358971
0.022406315235602325,0.44393644519992403,1.3483671061857385
0.040952374483511744,0.7591788746277375,-0.21201904470807534
0.898553011284516,0.9413498819577553,-0.853251511679033
0.7007931452580132,0.11100685265900212,0.5505442584212143
0.6693470529413807,0.03843518476137264,-0.40559469515553387
0.5528457818700246,0.3547321085283587,1.563354410732963
0.7227416619586186,0.11059349761723858,1.2596967119871234
0.8539313058028754,0.7172970205046814,-2.314139502047408
0.6090185748710885,0.2674047036939431,0.30425387829310785
0.45241440681696665,0.6145647400172958,0.5578645053268619
0.2966595278903156,0.6998975111999842,-1.571164933592989
0.6306198271149425,0.3964140885109465,0.9012993923932345
0.5070348455136144,0.15839573744826163,1.3216630030941543
0.37025605096867964,0.10905828916609628,1.0540924398649776
0.13821334583115774,0.5257690579336637,1.0354564945584301
0.7591843928702722,0.30427512147761815,0.2906958285336806
0.9589781997564626,0.15837326390430562,-0.7457486285224437
0.27902813458237496,0.6231520925087568,0.1815219101477799
0.7308044021474812,0.243257417467047,-0.6123860842059807
0.19991698902107302,0.538152113095004,0.5272920620764833
0.6437693181582816,0.7209795149001863,0.32325278418936326
0.2028734422783811,0.9621040177590011,-0.7505522400646572
0.050441507306524636,0.6291576877123992,0.1461758784457593
0.3719954454560396,0.09531188479815678,0.020648221198087735
0.014092705268494377,0.11381822512639783,2.8431302192148564
0.0995817899973106,0.057307851942187016,1.330983760177638
0.9993491056667079,0.01655542059160664,-1.5668525465364147
0.9257729931182351,0.1477792461543368,1.6685714246028502
0.814903055260999,0.2630844981610473,-1.3138752619143679
0.22237219321409862,0.3610264269249217,0.21134727320842744
0.09742507755980356,0.08717866123890983,1.1588217349487926
0.9455409173348504,0.7250951174580224,0.48303348592865347
0.7621350263612886,0.6071452532969708,-0.6399655375356131
0.3286776487301617,0.6372438302725768,-0.8877632985735754
0.9259576882045912,0.4312549248186174,0.49357709768513164
0.7056830970734003,0.28731038608268933,0.5867929381422119
0.056794222142164896,0.02737871643436396,1.186266189337697
0.49497450782347385,0.7245363404830639,-0.06005016437848963
0.3948064336875067,0.7482457975849797,0.30969453020033055
0.5614321376072059,0.5966445155621626,0.5914909023759287
0.7311049885072752,0.7020860508212445,0.4101267285219975
0.5788115895368607,0.6337221636919785,0.6152379960207863
0.03794036854095395,0.6181976642446312,0.68220333983797
0.19539213330989313,0.44596002192264295,-0.46555007551107236
0.6661342582393414,0.09433621633951073,0.3403352093923003
0.7071431561105209,0.24109233741226133,0.717997063266056
0.318046753007153,0.8000849581839152,-1.2331239825182607
0.2468363327963886,0.2218602368437257,1.6080563654577178
0.8384552442235156,0.7595118237963503,-0.10564409867310143
0.08403460413703201,0.2490095183324288,1.3258548624056192
0.7562964504449287,0.17509442917423323,-0.8503696471228002
0.7162923214868654,0.3927709849194888,0.8521027175494582
0.44802843052494046,0.8552183408139751,-0.8243529631704879
0.04802582187837923,0.6707982526744459,0.42062140447471214
0.6729184372126282,0.5231540837040296,-0.0317069235025533
0.19630429747908773,0.07057222652006445,-1.053892005198021
0.9439504558594377,0.08612820926017994,-1.292212208354878
0.5591430350510501,0.3801432500608455,1.1894410584455437
0.831331635345694,0.6856050106814603,-0.10438216379390419
0.3399299159020992,0.1307421512414111,1.1066449209853644
0.20616784174932068,0.8606168118880683,-1.064229795530042
0.5117643122320089,0.2533933278550211,0.6509418614230795
0.9907878615970517,0.5430283947961684,-0.3149752154106878
0.8791703266842945,0.55626414151553,-0.6642827187623569
0.0952021208321957,0.2136462958535671,1.201189381362787
0.49901403385919774,0.21737196041901874,1.4248255274255934
0.6020633650239943,0.6588818016289522,0.747367956537697
0.12125630848847102,0.9011432271979147,-1.3697128110833188
0.39607046593632456,0.5234553551490532,-1.0161299468008675
0.6008056711290546,0.680792936269369,-1.2722970563366423
0.46052199423264817,0.2957820933833888,0.7086601914431108
0.236598144809113,0.8603010703230201,-0.25532097041773627
0.10585971548405959,0.6367542029317314,2.0504656578530045
0.984822216337745,0.5596931600052423,0.2394958720345396
0.006565432550137418,0.10997834635316939,0.12226571108756168
0.04299427273621359,0.3406376545508989,0.7823284593409618
0.7500818882061534,0.8320464450660829,-0.8695160259341519
0.7396241803963908,0.4027191234956392,1.0487076644875877
0.9990449876333076,0.08881912215758825,0.7678202687169438
0.6045887922993226,0.3928859333998588,1.0930931310429706
0.1570120653881224,0.16710397717443493,0.8724266503096659
0.08835593348870163,0.09980852317122613,-1.195983766504483
0.852562922841014,0.7349723807323164,0.8908848398450769
0.6677692131836168,0.2717195189659104,1.2614721233122022
0.2927882488762332,0.7876005059530315,-0.2507218338455737
0.08736539403558752,0.33595187555290273,0.005408099764211305
0.31313540375968396,0.5133618123760634,-0.9061368222620386
0.9697500874725533,0.7591157706608325,0.30095016907925026
0.8118924493947557,0.03563115102014547,0.33381139601388354
0.2355422904633635,0.6727190591589071,1.9212620181460884
0.43114168912354944,0.4712252682018748,-0.3894536923657919
0.1362279870504738,0.6803684379994671,-0.6256954016513233
0.08634190332967484,0.07149906218271818,1.6573783619882856
0.26958845023310707,0.6407206373586317,0.6413589093873973
0.16986078743539323,0.2602968018146852,0.7324802197042781
0.3567295781884594,0.6324154221167645,0.29725291729699144
0.9351240728788407,0.5591730997068524,-0.026191111717525903
0.5862748968345193,0.626859932025009,-0.3508708693650451
0.22932281542031208,0.82368355953624,2.0130823662002184
0.7289140755340436,0.5809493260421799,0.9385603007318661
0.7099908375296187,0.2530480262369206,1.1519627639530787
0.15719270789579365,0.6727632084935772,-0.24284394473889925
0.7097537219750147,0.8538336836380145,-0.15586671372491512
0.6527616202947234,0.07177242136105833,-0.7315350933475635
0.46813904080324364,0.6080285418218201,0.11921809480484752
0.6968242069452524,0.7357662189857219,1.1211446048054676
0.4171629246989593,0.8182850681410194,1.2509852101242245
0.21167966532576366,0.36196378839611276,1.2229465258256176
0.26998065459052634,0.7139421319004824,-1.7779102466151269
0.45911123431218714,0.4467251421212821,-0.7624621252997174
0.6244425267044436,0.07410721630887274,-0.3245773506619657
0.8692527355986857,0.9609372212955835,-0.47150982976307604
0.8086320765012713,0.0668844439367815,0.5633117599084105
0.8669494354785567,0.31861032171314296,2.182920950018543
0.5620749182813047,0.2549083121406951,-0.5388861466563462
0.547532909070448,0.4862466970621683,-1.079893009487314
0.3053164350293167,0.810793595633839,0.30205697356003025
0.22435567403919598,0.2497744866096555,-0.2361444877098735
0.4719665895378994,0.7031825162842481,-2.1780747180898103
0.8273673007259542,0.4068264088999718,-0.43144043893621375
0.14101418272253408,0.4094107444628001,-0.42798457826439934
0.5245652600177818,0.7935453249664237,1.6213754833678018
0.5955861668896347,0.04382270345773087,0.4249120049308167
0.8418770447954134,0.05792570124300478,0.11949423548333546
0.3588084373308086,0.5388221965198925,-0.10279774720741246
0.45925345331919776,0.475175605508699,0.2917308182948505
0.2936908356560133,0.10249181531166607,-0.056594481538741914
0.5121220572139064,0.3326335025429267,0.2780853624528894
0.1279047058229248,0.47438407580877595,0.8908608216853032
0.19575752794810297,0.1135420083541897,1.4414348322549644
0.5725840251568485,0.21933031931404756,0.21751516628267006
0.8748607611843195,0.20470126297410407,0.5133079360272934
0.8423722432170602,0.6488224785098133,0.8018267114567529
0.06781010253053121,0.48601443564317925,-0.44239156024176274
0.3101946098686348,0.9180426678516935,-1.7752137780450898
0.7275652960357183,0.4323454025449379,1.9082948482090016
0.8946265022999506,0.49876930687961796,0.4596544715225312
0.8133635881608848,0.6092153511464276,0.11908201747856802
0.6711923768687847,0.003597660281667414,-1.6181892069534896
0.5565565293999719,0.7857951164222985,0.2695291455574697
0.6140040130124874,0.6253023056204884,-1.8119260336612413
0.7303670172743083,0.09735651219187935,1.186430396262854
0.09577231459961455,0.15668436179692502,0.7128101004101285
0.3819805479800802,0.5717832466646543,0.161948249044094
0.4402481853612855,0.8133206883072733,-0.1050008272129904
0.6354785313253973,0.9542614030190814,-1.7362198862386726
0.1885563674948374,0.7699904183856727,-0.5586016335139983
0.7264130475203199,0.29971012711347145,-1.683651758669428
0.09640745771570758,0.007263171336683305,0.0027711614623204817
0.833939527437574,0.02192919592802378,0.5399944939037015
0.7756332976654546,0.5167891610062504,-1.0515600242529124
0.21469934526843615,0.83341761514916,-0.15366659580237158
0.998328510284445,0.8646128485798549,1.4482366347904536
0.21712596072574464,0.9228353377481977,-0.5111246640551506
0.8712547415045452,0.7876500119245551,0.4885881541678041
0.10090790236740843,0.13570386994278316,1.4196573840078943
0.07900587027350547,0.13170563854426065,1.9502344975965702
0.6922470488050708,0.7762361764088321,2.226366728515185
0.09932722271344974,0.6534191715662738,-0.07228341771973368
0.7241383226085493,0.4464656525975368,0.8514241732915651
0.09842288335315319,0.35812877213335914,1.4893353095307527
0.40636293548685254,0.9911197923325514,1.46400356259094
0.45864662196848804,0.8285757586451905,-0.1110151897470471
0.9200359627212883,0.020928608501149748,-0.4203368128108602
0.48581793215331015,0.8312224284462376,0.8890616500880755
0.14782803402970968,0.4520185366025271,0.24844554799211782
0.01739795927450527,0.28437327510611476,-0.9054681626837026
0.14266162613766187,0.057676325043973686,1.2077449009611396
0.5963241934306913,0.11955996071326791,0.33386038807631974
0.02381254981003167,0.22299210490406163,0.4106614488275876
0.6006874517529065,0.020834640562350182,2.058563747224604
0.7276231917799809,0.7335354246145167,1.4610619785293741
0.2965269650725273,0.9585419847682528,0.2320980842531795
0.3507775083181778,0.35742793102947457,0.47729879852283946
0.3857167239587155,0.043402231693537296,-2.034639745654719
0.5118442372738159,0.14115388710848165,-0.7238286752578671
0.38156546659743784,0.8464516570173725,0.8435685016294497
0.5364283010476184,0.8513410912405235,-0.5592741062203826
0.38767580722372574,0.5913727873683668,-0.17705305038635982
0.20568167719757469,0.01596675678379511,1.340630425589388
0.4248404939332595,0.6894346539812712,-1.220760679077382
0.0013266413734116522,0.5825516683536303,0.9569168119847916
0.38583642123988604,0.6321084062292568,0.440584692355984
0.35274397261486945,0.8657747663101144,0.2986214275880672
0.8611368663285882,0.8288855948176697,0.29516343504092063
0.5903554511120528,0.882990573954114,0.8153164600609556
0.07262744381104735,0.21864695678651414,1.516419986416895
0.5196564350003927,0.9357441351221203,0.493381441665197
0.40550807990863524,0.02970263351445379,1.2637268898272964
0.05225414724149424,0.9649047020987619,0.4550172212287075
0.7311758366437051,0.9344283528804888,0.601477425648298
0.680166470216792,0.13857800182390512,0.852452452868375
0.9793114684957922,0.20327691001663584,-0.35689776357661923
0.742041212218946,0.8385213553838089,0.16918943980182277
0.3016409480853728,0.528879638751811,-0.6277812331270741
0.21985780114273235,0.1613494466350538,0.8345981452877048
0.25577700806446046,0.22037549020519864,-0.5750084559082526
0.09662619396282779,0.4164444823643696,-1.9386005902611865
0.10632742951996932,0.8414108466328963,0.011316936119028138
0.029900921624346988,0.04026129755532748,-0.11062831977697896
0.39420518584142394,0.2515684174688574,0.13601428148456562
0.6021928882574035,0.7825404627370197,1.8643296877447972
0.13005492747685476,0.11310586143952983,-0.015916172147335872
0.4044510860484378,0.016404640979373553,0.596723144725963
0.19064291934223265,0.2908545488653691,1.1540399929647027
0.4779078220123333,0.699337339117136,0.500883932636655
0.8508549934300413,0.3566263585370367,0.8461668894565506
0.6894174761975715,0.08950035016772306,1.3404455544127338
0.6463990696844782,0.5348436882816111,0.8588145805725432
0.8881528240433931,0.8145310555049988,1.5823145615621743
0.9750271338343177,0.35320711970020646,2.747224157332523
0.96795594854283,0.27129557481925026,1.065370155258832
0.0724243040742154,0.8787827843218333,0.4691842364626802
0.1024494867299689,0.08396917515295488,-1.2566608343722059
0.32262500092878044,0.27133857130406513,0.44861143026955386
0.8037079916178986,0.2652633328912676,-0.6060690625083638
0.4206833740293434,0.6539608789616113,-0.09623464310914391
0.5864308279015847,0.8702632114829364,1.867986575231225
0.4316063376157353,0.5627142184045586,0.8236745912085003
0.24013737655004697,0.7567362949681413,-0.1145787493331202
0.5049342449630205,0.7107131574980291,1.0976364580950917
0.9708326321043018,0.9657867955819465,1.1760159020428094
0.045100549815465296,0.007162354996550824,1.1673083407328575
0.9055465639957445,0.8257450235720937,-0.09007029900081502
0.7433349931017318,0.13593605585987667,0.3336821676421595
0.4103035870802103,0.6036939976432123,1.62597819502425
0.40420177537640656,0.5057549223589902,-1.1187436907812742
0.11567524069709434,0.0670078013272497,0.5070657668795188
0.8335568573132113,0.34118462363174806,-0.3231904778717781
0.4209824942911592,0.5608622526680299,1.8781103391806904
0.4929782816321483,0.26244344572061795,-0.32432189940303313
0.15350649894991986,0.4482226552049041,1.6035570698749648
0.7575150428138265,0.0488445443298372,-0.5899528778402439
0.40706519307743316,0.8748343422256599,1.3087731293837859
0.8107648703148038,0.5973488000695227,-1.5738449011669946
0.24725182672553392,0.7002987962199978,-0.10934088533603216
0.2205667251456701,0.23042505711800376,0.47150036249798
0.7430784100321488,0.4199352036479823,-0.6401598335652456
0.09016214772237796,0.9868633426786195,-0.7616359111844884
0.38929570807133107,0.5114417815278687,0.5778094739641397
0.007054919048575248,0.39550909429668957,-0.9206912045714519
0.8122791845542151,0.2370324022739052,1.5190921720510775
0.8631085407475546,0.7486749557572546,-0.1149219557087306
0.7858793414022202,0.017677223753582494,-1.0961379979596737
0.1938626794061633,0.2365733816440767,-1.4028998446972598
0.7290815410180984,0.24516136291482626,-0.7957594359914654
0.34175094778096726,0.8540144732714308,-0.019675122747809068
0.9796900204391543,0.5953751062656275,-1.5304262462770608
0.6341947837238744,0.36852849900525864,0.010755746598205773
0.8059054750991991,0.3572879826167068,0.6062682291407309
0.155527206862087,0.6878187661500941,-1.1400598468206165
0.5306404440638319,0.8690294796153659,-1.6654400803416969
0.5507378988840118,0.7814555638128569,0.36178064750604577
0.5285051141480321,0.6486270939810939,1.6823057373529762
0.11234413443412372,0.6138438561685788,-0.9291221961577325
0.08195636238391346,0.9987955691296732,-0.39419315249962056
0.5213948983819184,0.7367004084550298,0.25915878944827325
0.33066606016173994,0.4720802955276109,2.5060766438846573
0.3978922802039574,0.11054696472601644,0.9383714153817625
0.031046095030593412,0.6952401615664986,1.798357137301376
0.6761535439479702,0.8033557273664315,-0.483203031297508
0.5197639705289797,0.5183513147758502,-0.6763172333392948
0.7782494629564742,0.6279685406515716,0.38975627016007564
0.6428615122330784,0.901704251357562,-1.6972846949402074
0.8247075771703032,0.18027500168772026,1.6796181502899707
0.44057868507645026,0.7657669855966756,-0.33513739151378724
0.6067731768729692,0.40118638267573914,-1.1677219598934814
0.28193389466994834,0.8305763412062364,-1.2097778295716435
0.9395095126442778,0.5019506337602084,-1.0696978196901539
0.6116366481077143,0.38834280668278354,-2.9862884340981606
0.395524739311394,0.15912940322906588,-1.4359435813050776
0.42509373161644004,0.09310451723333801,0.4460786051506864
0.6840074493707449,0.09667137311066376,0.6864300831419353
0.9265079728495819,0.44744150403349714,-0.2786785072001081
0.5903807826995525,0.43784772430403973,0.4070267640571607
0.37475335735960447,0.04379170979846381,0.4617587655192022
0.6143764290073365,0.3997409859349301,0.7665182176794845
0.36200668317541496,0.14400008737268877,1.8575699996154884
0.390462366652336,0.28401532258251605,0.1851848581036486
0.1413460095901935,0.3585857198870138,-0.2668309583297743
0.37469146386475105,0.7616922812972842,0.39991801386722037
0.663123541187276,0.7853926062321681,0.9246295070539191
0.5848183694983826,0.41226749241860794,0.45135602530996577
0.26505791404151535,0.35662713879743757,2.418344096014353
0.13752791947214238,0.8554223397220084,-0.9518156351571355
0.28171066264599476,0.9933214398234321,-0.13137489288227228
0.01686165272797202,0.21921487181273192,2.0821053288046394
0.6267835908148001,0.9232405187766002,0.11084300482477821
0.38934331120440213,0.30582117025649047,1.966914323437512
0.012009485042309587,0.2701864533359595,-0.016796943272975096
0.9440362584210987,0.6567888892819612,-1.0539187266817276
0.18690865190913875,0.9986197402108745,0.19477292705531735
0.12666191874334154,0.45523972763079334,1.332815358081021
0.24178876051780473,0.989097209667213,-0.5830032420890633
0.03269278241181972,0.401399792457359,0.252183528551939
0.013998034469744014,0.5415357014143024,-0.5094911885725635
0.13843010812836998,0.4011244472500872,2.4692963887600636
0.6325317481960513,0.6740432174958589,-0.83022870757722
0.8755689078014147,0.49090403355046197,2.1700890134198687
0.853903524904514,0.4350548635335356,-0.7343659378301592
0.2063302175225844,0.6944501369943227,-0.47761915336823857
0.7828853732078519,0.6524321953347924,0.04995837943099252
0.16465891628328366,0.8839005766845017,0.43875949802224684
0.9359427390269274,0.9373804975465345,1.1229435478409382
0.534350105536106,0.8555091505638133,0.4488242415981301
0.9226270992535416,0.9135552019508275,-0.25384329657386784
0.27123083141384563,0.012994958355819985,0.31826781586445513
0.8320680514130409,0.1891607709213884,0.9910827969027483
0.06699604322185315,0.7515616185109545,-1.0223312878427349
0.16561217526692018,0.3848691020257893,0.5235051912181939
0.08040271220533002,0.467633383590381,0.4508922127397793
0.3675601750298273,0.2977526245434937,1.0553750124940255
0.06297819277502292,0.36022283407612643,1.706113795468108
0.9308295347822483,0.24869736653826946,-0.02830795981032458
0.292149778078002,0.8857650993497942,1.1446045076582974
0.2882069993675377,0.939280826982812,0.08957098917070246
0.4423650413532747,0.5187912453506679,0.3804613542896744
0.4608540662460495,0.8910353891932349,0.8577502211914155
0.5172304752781871,0.23408671595344466,-0.0033292763135959746
0.508120869118643,0.9012604092062051,-0.8707609615525486
0.9006959133545299,0.9706246311196434,2.356536000763557
0.44534549893189734,0.2427190081701932,0.5196699157604212
0.2616182366011308,0.2719589538178425,0.2845234591016368
0.4084908212741276,0.8411488457106658,0.9002647857805667
0.319876141479597,0.33545932339334583,1.9606583063241039
0.397496534974609,0.05604409101844887,0.530635708146331
0.7650240771665862,0.2483155353682277,-0.2753946927810892
0.7753099712009646,0.35657571565788826,1.4734616176612396
0.07966454930034994,0.30976532737962115,0.6849408542108242
0.6716959314702964,0.9679289767656533,1.186132217725094
0.23122730057666674,0.4262055203842646,-2.0652159350417776
0.8362875163874699,0.7419247449807566,0.8338357375848358
0.3409944911009035,0.3585833094198507,1.611141675907481
0.15579423102790046,0.17066962678377262,1.2466121688902607
0.6523277585032564,0.5151121446867757,1.2848767255901747
0.5053266521801489,0.4243021069964289,-0.5611348127902294
0.8590922273715983,0.6296679967462853,-0.6334730180901177
0.6512887220217765,0.6797761425133231,0.994660727125323
0.3248330982513471,0.4769052794667211,-0.7173156028320695
0.7621827102805732,0.09861754425292812,-0.26054706485331536
0.3061689809761994,0.1630125981208761,2.0120025441965694
0.508809636078585,0.03894878704496252,2.7631082768518658
0.5845345848233858,0.8955198532630552,-0.04533901295218104
0.23098934528818382,0.9382961466189924,-0.7911922243368834
0.9463263570854753,0.4652930183686943,-0.554086642406527
0.6893130385247817,0.4174992595122361,0.6367195763943535
0.8834223773005129,0.12590980114119976,0.4186498236750637
0.8233453601571864,0.41598171816978224,1.0189151918693762
0.16608407165825567,0.048857060322503254,0.848518932049408
0.29067201914105234,0.021274052606858884,1.6004916553895998
0.6829596369950923,0.6003777617260476,-0.22389878976235697
0.2851803217153044,0.718253810188302,-0.9213024846657564
0.6595786567876827,0.45161904375315143,0.3682173127038645
0.7236040165339379,0.5414754060170629,-1.0598364867287586
0.24034554550896392,0.2318931949453804,0.12820135011207923
0.40836653835033376,0.9880667257658984,-1.9306939495062854
0.0698847859935342,0.6074580626397795,0.030483819085572107
0.6994446171926628,0.5433328042759896,0.176448294694078
0.2854773503923058,0.4061969107591089,0.2078807314180151
0.8854515471577987,0.1874517322881174,0.01076005120785134
0.3157712399962459,0.15281277003049942,0.4443366882401715
0.6872536062689747,0.8297535365004801,1.736280674792669
0.4103036128518365,0.10293211567869709,0.06090973046887416
0.4461823578012488,0.26079598768614265,0.914434979876283
0.8247325893320908,0.8052699313078193,0.7837150235631996
0.06514765116843468,0.5765238329516056,0.31556584234986534
0.925142898778303,0.5621277639925818,0.45080445958489357
0.3632514625080592,0.5884862396379615,0.8708532761576736
0.27877880569327773,0.3116848712261354,1.8853802824967836
0.1570432563543699,0.33591109595855395,0.2534391568879951
0.7839376850461548,0.3396188508919601,-1.3470468045843256
0.5496277574928471,0.5717523195827541,0.3034237148906771
0.811636643629406,0.9660671183291514,1.4278747143737873
0.8163785906629677,0.3465204196400844,-1.404671905784449
0.31760469960361926,0.3762304507918127,1.8501246790230217
0.9584017230648428,0.0920364591378171,0.9351007194280877
0.1466668806073621,0.7787873019437425,1.7270317998496334
0.9092435757738978,0.7718241578378989,1.3901242866974997
0.30982101970612674,0.5451354437055324,0.04108603758412628
0.3264422827097402,0.9475707664072989,1.9816042239986214
0.759623439076692,0.9170477970098094,0.027649190257746623
0.30819538989230066,0.8077056061976228,2.4717477802203454
0.5158051824163913,0.35081545117903756,0.2926488863401442
0.058079239791771764,0.8642939653797465,-1.070826115558862
0.5872379246798476,0.5934371674188291,0.5646232735062398
0.22121367789665625,0.9244361892146982,-0.4260686310378239
0.8890576863993095,0.5907309080749417,0.4572775005949793
0.5414074207292398,0.23470401019109843,-0.18179780780651977
0.15936014332401427,0.3811983880322475,-1.1206228485210852
0.7075475515195758,0.4578787609175422,0.5870892871627386
0.46904500070507915,0.5151330419496067,0.24468974589481696
0.6867840868879905,0.03686048464613967,1.5323920121289154
0.17234281012144503,0.8147902971932954,-0.4043153464529215
0.7484911962557064,0.3097186364319252,-0.551681155956868
0.11265000781553924,0.3274508585386895,0.023101919807072546
0.7620476526080837,0.02148422976130626,1.4652385478104815
0.23815672966582047,0.877986006296251,-0.15422975294968636
0.9027900115919725,0.9555944161268141,0.8566664124222075
0.8913659697465396,0.342360618534547,0.8316255016704367
0.945904161095503,0.35557627306600903,0.15454365029341577
0.15191319642204104,0.30285287745738243,-0.4481085887697901
0.6869759335137716,0.628046754844557,-0.25573212566293063
0.07966993165257574,0.2008916315645798,1.2538067786171312
0.9994122579023863,0.6639268162041129,1.526973010164486
0.0758769577018853,0.893777765211116,-0.4098912983496103
0.4398848658343566,0.9584875283822606,1.679483607090266
0.3551471862481246,0.23709737600215852,0.7555330167021347
0.0711633460712302,0.1414261494761324,1.1328940480639549
0.025684152913209246,0.30940200698184295,0.42554630039576546
0.014800015818929868,0.4624704643545944,0.7374820096058994
0.011074438667095898,0.5614500846221587,-0.3292888828665652
0.5485481330634334,0.18931529264017222,1.8222863965604885
0.8406990422572925,0.09337465216888619,0.5399231811649
0.5822970931541244,0.07384258943865762,0.5524329107730894
0.14267273325540464,0.07359367634915204,1.0244978637457178
0.4120711356294763,0.2030343344538752,2.610413500997063
0.9033392629733356,0.05075985080848355,1.595527101148467
0.540621867294323,0.12970572541681602,0.07560714935365576
0.9449974436058534,0.41844636387580625,1.3787366440483209
0.8881654379608561,0.1485334730079909,-0.047823179846834374
0.6893376811439085,0.26015342615717496,0.3736414592432756
0.6442249956496371,0.6980742391150541,-1.7100400544860486
0.7119686470806856,0.5759684658936325,1.4781525790108971
0.7642915781129891,0.9775106404861763,0.8812167453272328
0.06112354336102288,0.8233752954366379,-0.46423260835180424
0.5357266687310437,0.016163434145250233,0.4214179256478934
0.3338423444271802,0.5527622307272528,-0.6385118188885247
0.8472172593997045,0.699297207843921,-0.16148950992843536
0.8142786796197208,0.20501021962475707,1.7701266966199434
0.8514267068447731,0.46062967735008775,0.8389645572356758
0.006139395425739602,0.8524145396740023,0.9446461496721076
0.26294550592320154,0.8922246535732568,0.31838118539981297
0.15207497117174917,0.5084485964955261,0.1049027473666712
0.36613006414852256,0.7099574160706583,0.7457726975151062
0.3741835234391735,0.32145730167125397,1.1735691306132368
0.35511318142085635,0.07552343089299152,-0.441750836783541
0.6949492805263939,0.04621121585405308,0.13508773872687593
0.45712296345744663,0.8438170143395265,-1.3389642138166797
0.5787951005805028,0.1604064243733856,1.2847696379599969
0.7079960733227005,0.8390131176492852,0.8358662170977805
0.45591779575930325,0.3002830679948083,-0.4488496753008107
0.272351577274191,0.9344941689361265,-0.02273886474042546
0.06472925624981962,0.262852967876095,2.197981568590951
0.7546084749317747,0.8847172582570806,1.7373771581582567
0.43591827465594213,0.4941625170181686,2.220587486593281
0.6996237615473025,0.06641991685563942,0.3594796885109811
0.8247581163119688,0.0010933457252105816,0.44971724624266224
0.5979928634474837,0.9015552021794981,0.2233957593770824
0.5986568969556822,0.5138498854805081,-0.0889663579253431
0.7807544409501743,0.6150674768150436,0.021126609730947793
0.3236641850296631,0.9648465227944333,0.6331682405017734
0.47724248774036093,0.4855637547152598,1.5025288705931228
0.6275720793739206,0.3231650569171879,0.5488680926886129
0.1449682776143718,0.1346453805079475,-0.4975464347186509
0.23316818706122344,0.6219737917395799,-0.5446796956173319
0.5705296375848621,0.8585686910760417,1.1916576520043298
0.2643349380549105,0.7047388751011295,-1.879400067680843
0.45532289402968273,0.19151238737678034,-1.8411291285795495
0.9952601780796801,0.30487663262342346,0.2819184624070321
0.3843185903980403,0.46936020144552126,0.9657654626464267
0.5339339598465643,0.8952661820910386,0.4068345404954665
0.9783958904772168,0.7373261624004321,-0.25005267043278634
0.9098235470236209,0.11943484203644417,-0.045038973928433784
0.9489757520487198,0.1013544146769193,0.019456291565133843
0.13703920533865777,0.8471092187631876,0.4570539196938372
0.8316934550722431,0.7267514598952314,-0.43293530711703293
0.5546544447493051,0.7100230776553764,0.2998228922101885
0.9683553541778873,0.5926346221355818,-0.47583966553010953
0.7271888797440418,0.7582820297879691,1.0742683052711126
0.23724586664035163,0.1722704274037341,0.30663574628310497
0.3331134407552331,0.6769041352475541,1.4142532723365175
0.7500742281102106,0.36551377378646877,-0.7360055347648674
0.07233376709468375,0.9773795684191492,-1.1049489739356952
0.06025219266469173,0.40483658622961494,-0.701640756596023
0.43832392667041253,0.870049050698337,-0.5872721555029837
0.8418799551235917,0.8210898444596134,-0.6706229482681689
0.4316935576255915,0.2636590102050437,1.726423313881252
0.06861958267204193,0.83660836848241,0.5563054110621176
0.9105222642279781,0.9016819589658804,0.40676673405661273
0.3439471730968078,0.7933170813065279,-0.9097454239673297
0.8667052452580905,0.9955324275904573,0.515168914010054
0.8434286308420261,0.05772043223966583,1.5527056402136006
0.9374459093696115,0.8818598511240693,-1.3616812480690585
0.2480678611129331,0.9868416834697117,-1.8752931107797999
0.808155584919525,0.8839605939228057,-1.0190183407351945
0.411224301128454,0.7200362376712716,-1.1143955039556634
0.7822913963691127,0.6244578234343168,-1.5581434417958855
0.7912024467328101,0.4504325014370152,0.5218947540665267
0.9858992445989274,0.8592682675048824,-1.0207563900910268
0.733612217874075,0.35912079156672594,1.9359368128676506
0.5655596138708295,0.26906053375994676,-0.36975345690948924
0.7187428142889443,0.4629717068481428,-0.10770829364443191
0.7253209337027766,0.7093286161856461,0.6823763544185737
0.18427650364226456,0.3223418458011291,2.191917800449238
0.4325824939257069,0.3946591387240169,0.31200461336548085
0.9526950748038954,0.48695196680993746,-0.19401300790738962
0.640203765300979,0.993441210751838,-0.1237288640814267
0.340772524049508,0.1765242055169841,0.7776269466326093
0.8046222991451913,0.9933908924924352,0.8856916080061753
0.49634810886090197,0.9174094607794406,1.2523526915452614
0.7582337042283585,0.4365839716233443,-1.1609993362619382
0.9827701890858352,0.3007216649882747,-1.0725714567925375
0.6451559533943009,0.8756945235955866,-0.7177463702177131
0.1916029757746044,0.12224932225473906,-0.012119164626641865
0.6089127615790878,0.5821262116344033,-0.9099398136541974
0.5715903816048459,0.41726688472769213,1.5900449855149226
0.23324722750553095,0.1156743552059376,1.482900313334106
0.3548924820940865,0.6925775632493283,-0.3259630040757024
0.4792144521679098,0.8990894910636485,0.7171570111854396
0.24562646405317468,0.43711083319194444,2.445120058977792
0.8748697630232218,0.885908132218299,-0.8115902722873165
0.42203624272954665,0.9079683365651176,-1.015069989932626
0.12982843213959172,0.1502778052780127,1.0172342247750967
0.9214465037292476,0.9818091719946874,0.5344648294278331
0.0207321775884175,0.4623774141073672,-1.135473685696714
0.2529597275828952,0.7212817537759357,-0.38943798118428063
0.9844066495256392,0.3057516330689599,0.10626374859987181
0.4906490250711232,0.2170580067395198,0.29367743085392867
0.7096458581507762,0.09733986618021095,-0.8284938818698346
0.32323407024357853,0.2032032525076345,-0.5942461437808373
0.01992958962304392,0.8825209313635629,0.8210883877524354
0.5614054872637005,0.8363199182236842,0.8792021039316599
0.3707389702233599,0.14680771646508362,-0.2314262328466068
0.05592644421686643,0.23491538071698248,-0.33355910572637626
0.3599378893215933,0.9999377753471224,-0.747123159756984
0.37508260096747925,0.5971291301167962,-2.197613784069519
0.5218287133627486,0.20567585964166712,-0.18657479750839784
0.803913891955557,0.6918331374037381,1.1611351565446513
0.945226454320949,0.11869299551836987,-0.9408700403701866
0.4054214097785016,0.5811977811989508,-0.5795644645537332
0.4712856378558061,0.836490665174069,-1.4860968846753544
0.19626866144813948,0.8686703660392098,0.19808895191249123
0.07829958147112925,0.5047256588349404,0.8783065194861098
0.43678264009451173,0.7437066904166154,-0.0034085984546182446
0.386557244625529,0.6855862088080958,0.11117823478897101
0.16381113588205942,0.652270014484339,0.25926629074190705
0.39488374472263243,0.9655227849816643,0.08193661271677605
0.6446264128401593,0.23297361306351183,0.4452369683733944
0.9669143615280636,0.15259780303281356,0.5141543344324949
0.4857946073881657,0.7576801130979208,-0.6181207483899664
0.5165741192266738,0.5299936240221029,-0.14115915692011116
0.5669627438225602,0.5588425221372715,0.7129528464919046
0.07330091227287305,0.4727812269467817,0.25050282474162094
0.5674436379369264,0.3320696217620607,1.3792741541020552
0.07083865816048396,0.27811653317691176,-1.205454262633546
0.5031760164502695,0.4308247212700038,-0.8518055617926533
0.9287534274120178,0.6194827520834527,0.18479900855512457
0.2027973764209594,0.5366451080396275,1.1606280473406068
0.6362986881863557,0.9010863964700245,-0.24985099621405255
0.6809512556651836,0.46945902936763984,0.09695255694767976
0.05504076738981645,0.5245588802693076,-0.3487181920683493
0.4062695009324956,0.5772690927719266,-1.9019548287389503
0.7946559758958323,0.2645026866497726,2.044200271072186
0.17260737452013275,0.34267015556952996,2.5035830878952376
0.8868482063624229,0.11021536409934396,-0.11453596112035294
0.36992251020902944,0.09062674506900736,1.1378033296991543
0.1639502257171086,0.7555982832347304,-1.0137137864045858
0.7148083474959477,0.5438996521209836,-0.40624138385779
0.7695185169040661,0.5694837208179134,2.0212224376697634
0.5421155900877553,0.0551467543306432,0.29532706603731734
0.6728706358175597,0.0558502262562941,0.513785007550845
0.24025488533638817,0.2155284288931857,-0.4767591083738669
0.8878640629796717,0.46367840863587717,-0.0862197315777467
0.3767071828059986,0.3668722354234769,0.6242206361108609
0.07839314886641524,0.7576470232560889,1.704798258820558
0.14416318678807194,0.5280008150995394,1.286219448017616
0.19521520591116448,0.4699753891420021,-1.1136047775423188
0.17508821639758332,0.6800288934058012,-1.5821481502935872
0.9193477008248487,0.3164930602938023,0.9087463771316358
0.19873826731665978,0.2866473099201158,3.0567013460273285
0.037815772381185386,0.6223475886490224,0.49791208037720863
0.46518262718099523,0.38685014606080415,-1.4521389694170224
0.3802399067788814,0.619188859269419,0.3569273356705661
0.5740057684401617,0.5092840859741675,-0.24213251721849957
0.8270226321552545,0.1536793856477343,0.8803080896564224
0.24342959038162226,0.8232114320545164,-0.0903205438306305
0.8922403768454598,0.06910559371916691,-0.22209171503068073
0.056146607753440714,0.19333677194225052,-0.47806494190740634
0.9429573536308447,0.9419618221978031,0.0012474518087189678
0.04526072216026211,0.7110788114108514,-0.6281328176517408
0.2108233264063688,0.4229866160220158,0.8487603911153616
0.9274623694642001,0.2309101982382814,-0.9409702726367802
0.9807362739203066,0.37394725281781105,0.16928378317105602
0.30619948282481213,0.36442790979128525,0.2724512484942449
0.6192211764250303,0.8145148600284063,-1.8300470621656035
0.336909980580691,0.2840001820554249,1.6565615200485322
0.09550618642506659,0.591693255849751,0.8727329374389349
0.667081248931739,0.6972834800638567,2.7424647817209764
0.6473865505066395,0.9856796344013077,1.7169845958495173
0.3635824241581226,0.537862513970175,1.0161178329600233
0.8813737845381363,0.9607280072858894,-1.3340199180718737
0.4705384599514084,0.504125443159981,-0.4363955401320862
0.3271662359801307,0.4377064510436811,0.5509478592145866
0.7995001560353177,0.31457327824830306,1.7199728741556275
0.3409109066096587,0.7903281312847105,-0.21712044207948306
0.657592620147095,0.23627567814339712,-0.07192855087847849
0.3386581243084341,0.3127705153160364,-1.365774128038193
0.294858169215543,0.4021472983883523,-1.344908981094371
0.16251589878607775,0.038918892622057166,1.109235796838755
0.7683331239245643,0.0621542504778243,1.2601614540739194
0.13162143624140055,0.9068972846695681,-0.9474564164569892
0.6488836729223424,0.4936944744599464,1.9901146714604359
0.017187207383820624,0.08845295909822604,2.159081034858679
0.49838082136133866,0.6137714889719733,0.2754759248991261
0.559932483801403,0.05897098767686715,0.6319510877911712
0.10010370744707864,0.08829404624255233,1.0948259910383453
0.6402278436090459,0.6496897629242101,-0.09934458681901126
0.20041184127375622,0.2566303259643917,0.323633536784934
0.6495272942565303,0.06965070542404495,1.109140475811305
0.6161423855387504,0.6985120189690599,0.5680050419443059
0.1861318444496195,0.9210426506618418,-2.9180744494690547
0.39325122882689356,0.3529505947239957,0.30303933522091975
0.6295208973584385,0.7990596080600888,-1.0411187167414335
0.07579633793535534,0.11104128958416881,0.12363863596285185
0.911887572688423,0.3772062513148494,1.7634183952416889
0.8326274021035147,0.19539340087104984,0.8660944505588194
0.8906679471414224,0.1262975879941609,1.525799612832952
0.22663455342483052,0.4469584390011204,-0.02978289935572931
0.08160654318116367,0.9485727982122426,0.15083705343139284
0.8124826415167814,0.42790694525459805,-1.418912766452515
0.9919327764213592,0.9415653349890982,0.12087110679062124
0.7175780799680799,0.47601131363506666,-0.11130928058229855
0.3749325365572682,0.6017764086528862,-1.1207566459016647
0.35085304698461983,0.25758611687327426,2.1177546200281645
0.9981130946658062,0.5428336665927184,0.1988302285523726
0.07733994035786229,0.8086603762596614,-0.27104239626858945
0.4042797249857666,0.4069425651333808,-0.3938048049699648
0.7964048002062929,0.6705441693601591,0.13961151596677757
0.490990841623686,0.778989567552377,0.21445658299389372
0.6134780748510036,0.7082204425180869,1.2336688539261635
0.1649903571622764,0.4633714971820597,0.5812173443287517
0.3100251516804857,0.85875919059444,-0.26112451070283016
0.37795296519370036,0.7636640524456891,-1.8178040626310783
0.8991850928781695,0.8746420412061231,-0.5326920745500768
0.7493004554458113,0.3144654007854719,-0.631085885023539
0.4544205018487981,0.09438770111402184,-0.3842423699989682
0.08740832809076426,0.25302008907365636,-0.3605312663914868
0.7056785801700711,0.8970533723752127,-0.9703504032711443
0.029291663443766103,0.04397987405893822,-0.4109799122994412
0.39410459579938795,0.9515701004400675,-0.7154729662332264
0.3758824542933247,0.01130885193494413,2.0826136276793723
0.8939279321050927,0.4115301569059736,0.5382015535435791
0.6883564748447288,0.8371618956122147,-0.12421054890047185
0.4452643700772273,0.48361244249147217,-0.22573394941633507
0.1320561605864944,0.9936383754402294,1.0806451162922053
0.8145509923205305,0.5192943016769656,2.1545638169311783
0.67699542409974,0.9630697866654584,-0.4875396014846045
0.3731104186458162,0.2360593406273227,0.6374022131349563
0.09953818923681668,0.9250185918976084,-1.6661385924195573
0.5755616138334804,0.40978494400432064,1.7475794567657386
0.3623755682880796,0.09321032191518075,0.927686036612471
0.016998346379842433,0.8710567222647921,0.48862562604708665
0.25154286809344617,0.7031512512962609,0.10272300325289031
0.8783064759875638,0.8067712777600824,1.6144383613809645
0.1524998849813849,0.5568665893735895,-1.3573256044304634
0.29901732173909523,0.45014763769521526,0.005798685493876687
0.2720749548281052,0.7659863082459087,0.016461170086376285
0.14615945072472714,0.05577885498168578,-0.46728652675256976
0.6402457519165257,0.02793698136272338,0.14484977274707198
0.1078666242235451,0.0719873760793528,0.6613812410497
0.13893582577050834,0.6339273652281872,0.5444349548921357
0.7190146850899146,0.8559819343346435,-0.7991346602276204
0.803425535743547,0.06933121609950299,0.12011426214230958
0.6342098640255479,0.8857061754743198,-2.9448036633719004
0.8710490731387603,0.8420148453739739,0.9485077529989154
0.261940829694602,0.09551052956395523,2.833196072362031
0.694346855372505,0.505143575940405,-0.4821650661027387
0.8222702226412762,0.7303962126625623,0.02045102097056238
0.8210393445515426,0.2621116055632654,1.1714526854615954
0.2989908613943335,0.23419634598662398,0.6866696723344352
0.49611026035661676,0.4354104128827866,0.9011740026079308
0.6456818220423304,0.2131409073231748,0.12154339604859399
0.2472172839905754,0.9574471069364682,0.9305052219769668
0.5763774750342003,0.3967606621717148,-2.3344784371066383
0.6277640904166436,0.9283777754244433,-0.6535326177286297
0.40850255778459,0.028822786436349945,2.3112448910086316
0.8737268255528234,0.9693010553141029,0.05747186816671215
0.7420286766032386,0.5555568970865303,-2.2595824251964665
0.6318786162036849,0.25919587283428935,1.4534778111197668
0.6641678605941624,0.05145913339735009,0.837628786564236
0.3671887613774697,0.7436098135338783,-0.7083395109395507
0.7671367529230542,0.8459337684025298,0.4188157035115735
0.159937746431137,0.5388628663917302,0.010678185894351114
0.5237291941444073,0.23522097732126257,1.818763137297727
0.9287467528197925,0.21493055329573674,0.43795606101518214
0.9025351218507215,0.5967938788427545,-2.0925139141205586
0.13706109193396632,0.30273773851621166,0.9535940923352806
0.4505124076304239,0.5497683939631011,-1.3069750058239236
0.6907995166122644,0.5330166829523153,0.5690937265678991
0.6124233699948015,0.7282619644168525,-0.45154598615275504
0.9230484541748876,0.901319567969601,-0.5491125798575575
0.920835083159893,0.9010655983631066,1.5063109626428741
0.7353378665799948,0.020549975516758967,1.1857081314782494
0.7551333201247593,0.2774810340709576,1.426003977810832
0.054698168314671,0.06323502492325739,0.8423497081908592
0.8279792655075626,0.9381501551498208,1.4068117127045772
0.7461326475919289,0.9349298709511487,0.7591483676945234
0.5104373763993989,0.3333643533467934,-0.2581125162548056
0.12849584696643235,0.04139517588874986,1.0453823597338523
0.1265170855702369,0.36714719113754857,-0.3098251290237638
0.8025171925967691,0.9268345625786798,-1.9348257080624403
0.6984177818147977,0.4858296692399878,-0.1967306259990131
0.6755934137676751,0.03167066972657551,-0.895777980970478
0.63587509999802,0.5230611621308727,2.440145700994084
0.9079189624425085,0.790392334046938,-0.02958239343281712
0.16928847556748583,0.7395585423382661,-0.4202498884301164
0.040489539284058296,0.7958879920090727,-0.23527788190373738
0.13182957990425326,0.5026011284051926,-0.6203507107004349
0.5632213258708821,0.9045566564425701,-0.6720002771493592
0.1698218276944925,0.8350128765543431,-0.5362899015163182
0.16731690943363553,0.2291688199449291,1.2468583899872456
0.29710201634748235,0.8770284210783266,-0.2019896198281879
0.2799293824854525,0.9225251250453156,-0.14525999476503493
0.5394623308945306,0.4408587423404542,0.3354378500403412
0.7545176089732196,0.6917154729797825,-0.21555471831342088
0.24332751548618026,0.6325070507118593,-1.0273925767170966
0.17246399264836199,0.20958473729307958,-0.13116343871859504
0.6527770208261298,0.7711822526467429,0.8584848276828508
0.26401654485467285,0.3230431190814892,1.4173122573870474
0.2515725192708863,0.6542051353247968,-1.3553970276978744
0.383258272041723,0.8515951270839013,-0.2525805876268651
0.41717933527653905,0.7482944073976627,1.9540560282854849
0.1660181769510508,0.6424993022662443,0.8744960482422578
0.33341037927360684,0.8413556797530352,-1.1206506103932212
0.7067656978010933,0.7136271382789807,-0.4832813705218675
0.016450248934199885,0.48779790206104623,-0.45353029573946935
0.7300914203767457,0.717936691566273,1.0426756341811616
0.7903512712299722,0.5214604068433554,-0.1352584762161408
0.15977094575734152,0.9156440706924084,1.9392360882627038
0.058186690488642334,0.41693705312840956,-1.3793796183286862
0.5086514449394912,0.08190294146691468,0.3410192977584015
0.5198617470764135,0.5087714504104452,-0.9431641992725424
0.05936924558115586,0.9972353877463797,-0.9024143704861644
0.17037379590004498,0.9624634041960857,-0.2927450185494324
0.9487856264921182,0.11203129443133253,-1.0984382740183776
0.944187379791769,0.1736987431326037,-0.9641556908684652
0.7311752532936238,0.3274571923722417,0.15353032447163095
0.8656528813882866,0.3425250226294907,1.1921708414511047
0.489804180799864,0.8784166386306114,-1.1421986833742352
0.20252800362437273,0.5808905450411641,1.48107092841075
0.16641620707278315,0.1469639162839732,0.3717577586110067
0.13222557041673477,0.5732782798451137,0.9516637474464317
0.7406894778519855,0.8587840918808515,-0.23450059169052637
0.8470186883953924,0.8215180626120959,-0.5457957032050861
0.6880219198107667,0.036303303539539256,-0.3875689597430934
0.3685632104304075,0.03491033041926972,0.4599609012523621
0.878720344364328,0.17083575948956176,1.2670912836613129
0.15323572231546123,0.094169710144275,2.6809261917525102
0.2518006467558539,0.9819151447441304,0.8416353970247084
0.9638067082583074,0.2151566528919211,-0.3091719636215491
0.9827696448761372,0.47029700624602444,-0.7968879160282609
0.43644527183606296,0.8309842277763009,-0.6629984076710967
0.38898059434817156,0.8540033653726863,0.7975184603987351
0.5490643046372253,0.755147823071805,-0.3523638259031284
0.18283481942591173,0.06608585400961153,0.790584981060079
0.5542431117235008,0.733224152889942,0.2978639530874015
0.14511083537419345,0.15213141812935715,1.1221855579176527
0.7028866850511808,0.6661593147526138,0.25127136375470566
0.5758654340410387,0.4636092653932048,1.4095993523700767
0.5310898159398543,0.2851007767956931,-0.8736412914337833
0.7563995039558901,0.6157400254154456,-1.1079819685361834
0.9358415866054034,0.7078767085478939,-0.06515371087280857
0.4249854593325111,0.3717022684960065,-0.7575564074853011
0.6689938973992321,0.7034713331732425,2.072151119190065
0.703021270714776,0.059141610627835184,0.2869594173649696
0.38342491357422004,0.38056546321310136,0.5747355544218503
0.8647710225787375,0.5402188106544563,0.6592983244248847
0.26271830543357044,0.588058750720999,-0.3291450145678075
0.9052360223554164,0.7147451757918394,-0.7273551366132001
0.5033033798469653,0.22581471368623662,0.3916011295839251
0.3207896750492394,0.0709710234273252,1.0037386906591717
0.33659245180834785,0.7941769201924626,-0.11629526836532503
0.6982138547246675,0.7442963151929713,-0.4140011547228948
0.5842647737265074,0.34001172184478046,0.05752722288503498
0.15570378798373197,0.6503049563222447,0.15221670071098198
0.7345540378903315,0.15100431366007805,1.137095247409703
0.2180561612180837,0.22393101804806914,1.386853907979623
0.36210433338148995,0.8538461303413741,-0.059227488398007636
0.5735618339308738,0.06674268192670108,-0.02334676648061318
0.6246108686488266,0.8956492768341001,1.2356110292660556
0.277926663075203,0.16602699527023346,0.9390514794719783
0.3500163955162213,0.32598264689911627,2.0723269270220586
0.4093996499339655,0.28894673766234713,0.7305739866293712
0.20629024042780286,0.6955101989928056,0.3992660748468931
0.12399035686833748,0.272826351584452,0.4213954924983281
0.017782715918455594,0.015289293572188778,-0.3200436561800466
0.7121141639094013,0.6500016431444936,0.41746311803190395
0.2258969285919814,0.13466365664437185,3.0029091754258177
0.03589405769620391,0.5120338548117856,0.8429756857595199
0.04767805799128422,0.4397253856123161,0.4428962993408667
0.7466244551061324,0.687820518873804,0.5915932637199619
0.8329320141996084,0.5977280806831385,0.5020133937528747
0.04193621269903314,0.7625978887154586,-0.4591062437630133
0.5459027625881117,0.15705241836546335,-1.4666806034191278
0.8901338148440235,0.855670532138043,1.040188816083753
0.977802592034621,0.9509926885226553,-0.4485597617693035
0.5713745182357339,0.13274988158432866,0.8542607365378275
0.9701873330720887,0.3567734547661333,1.0009810388477742
0.20555761349359403,0.3692318202730539,-1.0751827101087528
0.0861493931869356,0.5037868653173736,-0.16528380102780293
0.45453073067504923,0.37055336765199653,1.3633645760976383
0.6103282356751566,0.978202463905054,-0.23782873363270013
0.015996819703788634,0.03107476741021542,1.049989123419675
0.2548208461095075,0.8844624270531746,-0.8326873581468501
0.756031663231408,0.8047672035037767,-0.8458576730417846
0.694808610133119,0.03011997936536759,0.19577572021401846
0.5000006459877292,0.11749554467586631,-0.4128586960975749
0.7151434209488781,0.9293221399866634,-0.054674840236312625
0.09118985815933878,0.7232536444837805,-0.22526117950160315
0.5409806995991348,0.1433536216530994,-0.38677501458787356
0.006600194652206626,0.19013401240122685,0.6441458207631042
0.8296145074444862,0.6076910570855897,1.4169749582113622
0.3003024519567419,0.6889367920892772,0.6902423464443542
0.8406749423922117,0.4690967486868656,0.277573790012166
0.6010172578031838,0.1512788815510172,0.7279350408954375
0.3908143059374537,0.4713939263969664,-1.2371416103661055
0.14243622114393129,0.961144563699995,-0.19558877114010184
0.4536478000597046,0.21227035264775018,0.38629252577820283
0.9126621778979165,0.056280821096653,0.4365870619042716
0.2746445034814059,0.30090935048922984,1.3889099603831947
0.43432155607200884,0.3811312196663854,1.4293709656056055
0.25009425988829415,0.9909868261142162,0.6917081017623246
0.04520021679604458,0.6687671235101807,-0.0646163722974323
0.703744215037886,0.4786115909825266,0.17345711303664318
0.8966239152139595,0.9318649701834912,-0.48876647899628994
0.18424574620330092,0.731423688049016,-0.22935983669328858
0.7426673595020138,0.09838244490916592,-0.33615487744443806
0.5683689214818454,0.8570313911767792,-0.7124703211235073
0.951774485006727,0.5507326340969572,-0.10917838363035665
0.11130918951050017,0.7558903528042378,1.8431098093545084
0.2891441565395074,0.1911857513001598,2.3296732074350732
0.31159322928723154,0.12558753860383165,1.8063357342481354
0.2933325788338996,0.09486702306860517,1.537139522475024
0.5281929570353148,0.8722680895802937,-0.6733868506048074
0.005773171923652454,0.6050813691497042,-0.578306503379681
0.5044010706561223,0.6674151449777196,-0.4344563010952557
0.7540835774164459,0.2276856328026795,-0.3920325214329992
0.7470741405566299,0.402738524336256,0.6552754674251551
0.5927855475901742,0.23366433026067113,-1.2933181187967726
0.3260273631419406,0.9665467875962264,0.6114810416145814
0.2623434678630704,0.6497868506327554,-0.8326143584990958
0.9008645062886739,0.38758909878025893,1.9473512054419382
0.009224133648975119,0.6859922013225697,-0.7087458188149401
0.7657946864145544,0.26478300400789345,0.7126501092487549
0.3867865527159462,0.4002367150591509,-1.3696033092694568
0.007816489187152942,0.0538033443283128,2.484297521648256
0.9840493557330336,0.6909060357227339,0.8195436972624003
0.12700530583345548,0.5576793187685972,0.5290664046829884
0.2692015070088001,0.6072066039608095,-1.2595378872746263
0.8788002553901892,0.7030869627277739,3.3940353918698296
0.7173202952884697,0.47706149463101777,1.704425461639962
0.426484497820552,0.7594316428728702,1.0307823827726381
0.21238648019859374,0.7256611492405012,-0.1051908799957713
0.3991439337163666,0.68236188785889,-1.1965483747447956
0.9443684672602994,0.21904800515879985,-0.7122107263309311
0.6901596958753847,0.5782635944492496,-1.9351820504311226
0.9242971550639671,0.9266661802287817,-1.3885091290351566
0.35737995422176383,0.9943592501371293,1.9187395545243378
0.3343644784366582,0.38561498171575226,-0.13829028359426138
0.27525352656821656,0.7179176324253912,-0.9231802280510197
0.6451750827191493,0.4198686068172319,2.4314519388037414
0.03549564539502337,0.9956583099885127,1.6360633768997046
0.6446375142401314,0.08682606246744085,1.0378375870825987
0.20238694562664628,0.4894581943048496,-1.038119306661121
0.6280581418417102,0.465736292880366,1.0384762671734875
0.44034615066044136,0.28076356042323725,-1.0693037228242857
0.7196807776570266,0.8822949014050294,-0.9553311247313786
0.6624465182138434,0.026618876023474902,0.4514550339511435
0.6761815607619239,0.22269310477432436,-1.1860390580030065
0.6743170152421989,0.7194804840177463,-0.7227849224804618
0.9812627083492257,0.46169103107165477,-0.6049310281863213
0.047906638645315525,0.8119223530884464,0.7679066842897289
0.35138317119394924,0.9235063391011996,-0.9030946305150326
0.07976552588586527,0.03441526930040606,0.5946550446931231
0.8405927108539126,0.11149318608345316,0.21398797008437404
0.8607391239938216,0.6632161616629417,-0.4758501106088282
0.5282140277606105,0.1828840396651482,0.5855848046722313
0.1258779726288478,0.01109070238212917,0.3305504877741151
0.9681621574794879,0.24913370180576422,-0.30954255299332767
0.03645490929266948,0.642458728177528,-1.0593154615939968
0.5095573683247329,0.6218999932076981,-0.1653449831988177
0.8866205918072999,0.23245796683098152,-0.20339112047657903
0.8107294191119419,0.6038941897353123,0.07555022884254119
0.8998772204266453,0.18036545022485828,-0.41920052504159555
0.16438500184791782,0.6022121964152318,0.4572510596945759
0.9694853291136624,0.8908767365489358,-0.2825561791615953
0.12363468172115011,0.6226538437507335,-0.39803716593243277
0.45841759846835006,0.05297091735218562,1.6371849071720301
0.7915290959003256,0.8696555086448461,0.31520617823819075
0.2659872281371951,0.1929913312697693,1.6420274799693249
0.7752408019433501,0.9598554723947306,-0.8145742431019136
